,Sig1,Sig2,Sig3,Sig4,Sig5,Sig6,Sig7
A[C>A]A,0.0007129892594836987,0.007343255566555795,0.05396733345219037,0.002558429048729089,0.0008203506768743678,0.015140595805253482,0.015495205456581928
A[C>A]C,0.000796813393168178,0.010200836142439246,0.03700703016786236,0.0008973933048878017,0.001451128257710376,0.009695957767163917,0.01507482422451194
A[C>A]G,0.00015377117828526156,0.004288661429706208,0.00287159825438753,0.00016228862007906992,6.526072320545815e-05,0.002162406049270448,0.003071035676294426
A[C>A]T,0.000430475422748327,0.006187141184175622,0.038163051581831586,0.001327206420328138,0.0023005671284173656,0.004109851238091151,0.016164710441811173
C[C>A]A,0.001119880873547178,0.0073614390615271506,0.051828376224784964,0.0021369643289766353,0.0012223605462944155,0.007418839136780699,0.011041242539932198
C[C>A]C,0.0007172807866815678,0.007623224737361568,0.03105499102759962,0.0008166807743600862,0.0009624083387578486,0.002510985651915908,0.01573227774074289
C[C>A]G,0.00025001838687437386,0.003439877059380186,0.004279318382364685,1.1920928955078125e-07,0.00039060455797416315,0.0022754780233364205,0.002374171549069713
C[C>A]T,0.0008158434799712796,0.013539385207909246,0.04431086221528906,0.0008316797179665305,0.004396271510625549,0.005701454200831704,0.011364537390560115
G[C>A]A,1.1920928955078125e-07,0.00840173861163803,0.04940077913558206,0.0022444553080211123,0.0007216682864851457,0.01477299732635979,0.002080930835381449
G[C>A]C,0.0009444553415812883,0.010976054051141238,0.02071655705470175,1.2133995627760916e-06,0.0008365768112457468,0.005707897279463907,0.009213003934686517
G[C>A]G,1.1920928955078125e-07,0.003714661997595619,0.0028446660898498025,0.00010513916193775736,1.1920928955078125e-07,0.003395050331704379,0.0010348300588636904
G[C>A]T,0.0002856658481474411,0.00480062119478589,0.03777627626856267,0.0010695777300909182,0.0023413562005119683,0.006840795830470735,0.005745902548435517
T[C>A]A,0.017799125362038738,0.003997133767730346,0.06019657127250585,0.04906413291993273,1.7308392944858087e-05,0.0151313209405773,1.1920928955078125e-07
T[C>A]C,0.0025820883719465276,0.006774422617443108,0.03455503655541818,0.023516854728114153,0.0004768941958043492,0.014370825303599342,0.010496325583238446
T[C>A]G,0.0006355854859819935,0.003958475710969563,0.005106085566818707,0.003784530211473981,0.00021473041426010387,0.003860260851077454,2.5579143619544734e-05
T[C>A]T,0.006426777406457181,0.005044553655789354,0.08762074584317935,0.025894740339897915,0.004751707828221714,0.02289679709990477,0.0021006546018152075
A[C>G]A,7.76049227405259e-05,0.006607988314537621,0.006885963499548732,0.005058619219385909,0.002996022698459988,0.0030487516764535734,0.021260344903249104
A[C>G]C,0.0007598409720009068,0.004522015846559201,0.005993344712859149,0.0005770002510745918,0.00026446495276770176,0.003727454961187049,0.0116734107752359
A[C>G]G,0.00014289487925727727,0.004434957951662949,0.0001284998670044638,0.0002057795253142542,0.0003068723886013481,0.0008664444109798559,0.006072684446746112
A[C>G]T,0.0006330670617175151,0.005181352245274077,0.010993816794516302,0.0041288708786332,0.0034703869638092566,0.0020171451156285763,0.021214000379284077
C[C>G]A,1.1920928955078125e-07,0.004158308902736317,0.005654625698966909,0.0057431126718034955,0.0018103150728158177,0.0010123761165003098,0.014312691619156472
C[C>G]C,0.00034376636340954466,0.003915688574899884,0.005073471983925069,0.000885533584513249,0.0015546490509107875,0.0019443875897891699,0.01290473006208191
C[C>G]G,1.1920928955078125e-07,0.0037755967170854093,0.0004391623329185224,0.000274664688309662,0.00046970433869550593,0.002523081678315242,0.005587013578309861
C[C>G]T,1.1920928955078125e-07,0.00459375706113015,0.008953157525255023,0.007312741986318504,0.0015743220047178684,0.0017677230307225381,0.019644023788854416
G[C>G]A,1.1920928955078125e-07,0.004268527627497906,0.0028426548527710747,0.0018174603816567647,0.0008999245907347945,0.0011157658953593278,0.010117615913699335
G[C>G]C,0.0009182399881939324,0.00604217114849476,0.0037044685102042376,1.1920928955078125e-07,0.0015800353010618081,0.00210735726830204,0.008836483150897616
G[C>G]G,8.802123144846432e-05,0.0030827133372958934,1.1920928955078125e-07,5.115956817020667e-05,0.00011914119541040754,0.0006450176844202326,0.002851924071568032
G[C>G]T,0.0007778824373911827,0.004718440687463873,0.005307103999122894,0.002435976787701345,0.00169744391092424,0.00010561442035994139,0.015917951802791257
T[C>G]A,0.036595364674069646,1.026666001686201e-05,0.00038148670142544914,0.3039810892419008,0.014386874694853613,1.1920928955078125e-07,0.002726262549674966
T[C>G]C,0.0012973539268325341,0.004130610645601292,0.006070411410137678,0.07260860334307262,0.0037103136633749004,0.0025934271158890286,0.01739532956989138
T[C>G]G,1.1920928955078125e-07,0.0033838335115608485,1.1920928955078125e-07,0.012816113216861656,0.0019397783690919767,0.0012972130208051004,0.0025269409950055472
T[C>G]T,0.049494857961530074,0.000941142034727827,0.007882313349166198,0.36838497977187096,0.014330118851991131,0.003220166619727651,0.020539747048156268
A[C>T]A,0.008000966669737085,0.00964504802294118,0.023649907924656318,1.1920928955078125e-07,0.00283943395557883,0.0230717488561123,0.02148144547499993
A[C>T]C,0.002241814488956287,0.006609883110425283,0.008778701882411151,1.1920928955078125e-07,0.0011608923953727605,0.015540730865735472,0.010833417340145667
A[C>T]G,0.0035735174115660564,0.005977465865258193,0.0016987929333739874,1.1920928955078125e-07,1.8202256280459833e-07,0.0914690416108767,0.019346622086910382
A[C>T]T,0.003220727041153716,0.007156649770434122,0.02183877249197135,1.1920928955078125e-07,0.0005596688301995249,0.012537784099791543,0.01993354873445968
C[C>T]A,0.014973183505862016,0.017944185559165854,0.010629161330597239,0.0024018257245755122,0.0021103899846737955,0.023326329270168804,0.01313226055100263
C[C>T]C,0.0039431024317264345,0.059314046719005545,0.0015555923647647173,1.1920928955078125e-07,1.1920928955078125e-07,0.022733711608514513,0.007481306398031557
C[C>T]G,0.0019494214777713234,0.006398205804447391,0.0028977888978283383,0.003147582213458753,0.001914801589831414,0.05646418049226608,0.012198270816212059
C[C>T]T,0.007978676692808195,0.053618761138285155,0.015363123921366349,0.0010651712076360737,0.0008986765398042091,0.021826175858417843,0.017281247528771478
G[C>T]A,0.008050281265745427,0.005972305893338351,0.013715476810855318,7.155013723957981e-05,0.0006937026376394333,0.020462798077714825,0.014157629343573298
G[C>T]C,0.0031519647453406236,0.007342416281368536,0.012180980872085478,1.1920928955078125e-07,0.0015186919501647333,0.020670175745885144,0.010833149201929364
G[C>T]G,0.002828789030073637,0.004003764845934763,0.0054260118312228255,1.1920928955078125e-07,0.00027706501978427123,0.06919709003387449,0.013010298666435043
G[C>T]T,0.004353729468125361,0.005584623788667903,0.013449457116795413,1.1920928955078125e-07,0.00011677519327324878,0.017788214563308084,0.01340677966062363
T[C>T]A,0.44831114604352457,1.2442336880338763e-07,2.022149846773833e-06,0.043553958786623416,6.433280457208712e-05,0.021339672698869473,1.0531112098011022e-06
T[C>T]C,0.0790018518455417,0.011227537992231619,0.011960170748239641,0.0116220716212832,0.0026365728969856258,0.03034673353831194,0.013903779817021537
T[C>T]G,0.031304989383299044,0.005921481895853814,1.1920928955078125e-07,0.014797840419300578,0.0012338816589187811,0.0455095655970843,0.005724653615507567
T[C>T]T,0.2360220275728062,0.008174928509701003,0.008274309768414713,2.0357162420717514e-06,0.007404178182820284,0.026324735293669226,0.013791134957051992
A[T>A]A,0.0005889701641692388,0.02740351890382317,0.008213633708922308,0.0008587420918338849,0.003620201755609959,0.00901286851040258,0.008107464915034165
A[T>A]C,0.0006351276262051793,0.005740159415172135,0.0087319257442782,1.1920928955078125e-07,0.0025713051994110865,0.008739564862881065,0.007218081435689011
A[T>A]G,0.0008748239780271708,0.005361685308521155,0.010700977210832432,1.1920928955078125e-07,0.0010059481164139004,0.0067406519139905875,0.01011456006082374
A[T>A]T,0.000824269732349599,0.013123604769440805,0.025349321647393615,0.0009209046856579285,0.007274465077347206,0.013468329330403423,0.009830230761254754
C[T>A]A,0.0002682596756561895,0.046120545950460334,0.003560540315176708,0.00043249954021314823,0.0020009762889247637,0.001419653759582364,0.005777232085605423
C[T>A]C,0.00048321702642717656,0.01098103719366485,0.013037654255782433,1.1920928955078125e-07,0.015750501113172066,0.000895057796381063,0.011050895762995647
C[T>A]G,0.0004341332065935687,0.010465261156792303,0.010398637621719501,5.8316440496640915e-05,0.0061482659883612175,0.0014653577439813566,0.012666129584964825
C[T>A]T,0.0005082038960596282,0.04974997394047031,0.01100461278719976,8.640880980015246e-05,0.031033748740127313,1.1920928955078125e-07,0.013391299673259017
G[T>A]A,1.1920928955078125e-07,0.017658348190839668,0.004556172827807624,0.0006633680274185614,0.0006648381030169607,0.0015660642800414005,0.005295067999388828
G[T>A]C,0.0003278650651908798,0.004170587907682616,0.005597592127763351,1.1920928955078125e-07,0.0032198417963655115,0.0024267361178007705,0.005519988037793782
G[T>A]G,9.8968098228241e-05,0.005375181205731927,0.006811743902761232,0.00038051588001586264,0.001316232122487765,0.0023945156580129127,0.007648024719341984
G[T>A]T,0.00045497183820375026,0.009611877268763514,0.013009905546021366,1.1920928955078125e-07,0.0074838902509788245,0.0007480218232424891,0.009969751531310267
T[T>A]A,5.910747390380209e-05,0.12820294943940128,1.1920928955078125e-07,0.001416502588492864,0.00414256830312615,0.016007990432749437,1.1920928955078125e-07
T[T>A]C,1.1920928955078125e-07,0.0050350049213069795,0.008716951146359732,0.0005657303924481448,0.009125551943578574,0.002680469756756968,0.008064887076487505
T[T>A]G,0.000230795044324827,0.004786197032774418,0.005996930362855476,0.00039710655551194725,0.0030754261671695794,0.001986312006028054,0.00635168969743575
T[T>A]T,1.1920928955078125e-07,0.0638478571317609,0.018453297014264167,0.0014484968891607432,0.01864313011784942,0.005216355730921162,0.012464807909730783
A[T>C]A,0.0014701522615636982,0.012402262708708547,0.00039128358225216627,0.0006697773815572899,0.0070136780797797026,0.028100642520635568,0.027320069426590078
A[T>C]C,0.00044003818246899105,0.005949989119246931,0.0038560862243501607,0.0001358355870422376,0.005923468736913354,0.0076540517991646505,0.012030797549681326
A[T>C]G,0.0004659967709643713,0.006215396245769858,1.5912895701020352e-05,0.0006132999342943488,0.007273693320839782,0.015362286815806678,0.017803920468963712
A[T>C]T,0.0008551423015397435,0.007361431390584081,0.0024743003159881536,0.0010387845911111054,0.010298207734607382,0.02383079617775747,0.027665502050952293
C[T>C]A,0.0004332373142738072,0.008089646595037164,0.0009041780649127265,0.0001058705978917268,0.01182326952705245,0.00811288055638105,0.012097333289316007
C[T>C]C,0.0003425564851156539,0.006822508287167158,0.00726173529359863,1.1920928955078125e-07,0.03573741815737826,0.004222045110192841,0.015830361219485212
C[T>C]G,0.0002909620960853516,0.004877778989305067,1.1920928955078125e-07,1.1920928955078125e-07,0.030970971320462146,0.00852038623118287,0.01116266963800744
C[T>C]T,0.0008679728791202671,0.010249365921072942,0.003023207259650409,1.1920928955078125e-07,0.08803709762306991,0.006961520387698478,0.013742403960902134
G[T>C]A,0.00032673557320399315,0.0063795783379811165,2.157086741066111e-05,0.0010449878745326224,0.005466374280973032,0.013262279866498658,0.012723679648941557
G[T>C]C,0.0003522759051284515,0.0056922846285160965,0.0017789926765612507,0.00047279343729283,0.00898695014567554,0.00791708611939416,0.00775328889531803
G[T>C]G,0.000443786187102709,0.005253562855172621,0.001356754510914309,0.00011392231686912978,0.007941611882402753,0.008136482589609613,0.008710117826894584
G[T>C]T,0.0009807155511465362,0.005546589077742255,0.00045766307357226647,1.3186359296826427e-07,0.009831782958972113,0.014306081104414156,0.014373903397534528
T[T>C]A,1.1920928955078125e-07,0.008475012079542326,1.6337175205905992e-07,0.002003929855736224,0.00806449622591753,0.014437674198887114,0.01586095700576732
T[T>C]C,1.1920928955078125e-07,0.007250068204022249,0.004244887838268205,0.0016429480879026743,0.01776084943399308,0.010080639720633368,0.011965933401640974
T[T>C]G,1.1920928955078125e-07,0.004961261942915538,0.0003127985332228114,0.0010033922512307533,0.010751553670827328,0.007934329289797787,0.0073194910788180415
T[T>C]T,1.1920928955078125e-07,0.00908641667636906,0.0014701534891151356,0.0026863279982782817,0.02219770821525586,0.01679378598240708,0.017012541507021535
A[T>G]A,0.00026106525588161456,0.006556726747876185,0.0022745362283372165,0.0005297713430319223,0.003157857100365514,0.00476301137611702,0.007265536600776483
A[T>G]C,0.00015533277357033802,0.004343425577174044,1.1920928955078125e-07,9.044808367852712e-05,0.006614508293164666,0.0029000873018960056,0.0028788670861975094
A[T>G]G,2.07713952843032e-05,0.00500200163889654,0.005226137546792557,0.0004441800864519194,0.003990925446435506,0.0010022682405511968,0.009317094437418827
A[T>G]T,0.0003366142333083068,0.004343529401138089,0.0010193259162960765,5.091820546868212e-07,0.05338048899817117,0.0049136678271053755,0.006437324621117044
C[T>G]A,1.141344432658633e-06,0.007084933711272659,3.814054667152822e-05,0.0003225679577892132,0.004809148061505529,0.0019237130860691838,0.004493477965756391
C[T>G]C,0.00016570928901097118,0.004114718426834325,0.0023930888247788128,1.1920928955078125e-07,0.016799841107961507,0.0018453853276242905,0.005180239520783939
C[T>G]G,0.00038089787535143554,0.004096106085941818,0.0029022082445093185,1.1920928955078125e-07,0.010538468581436448,0.002029057609792743,0.01102881904301778
C[T>G]T,0.00031514511507189816,0.00706140086269405,0.004251333710142493,0.00013468285724736596,0.19564213285959517,0.0028748261955194527,0.00279542296519387
G[T>G]A,0.000163598328283863,0.0058886808563407625,0.0008419442204190781,1.1920928955078125e-07,0.0012208173031151642,0.0008110605290020498,0.004486944523448333
G[T>G]C,0.00018098276686165122,0.003541504996795336,1.0850291266222454e-05,1.1920928955078125e-07,0.004240453832633763,0.0011849105120834075,0.0034940606976489046
G[T>G]G,0.00021849095128898745,0.004316353905987866,0.003737227838652887,1.1920928955078125e-07,0.0026865819102126405,0.002863063199830611,0.01097155016250721
G[T>G]T,0.0001437657111221762,0.005582936948958386,0.0017484207319073553,6.262928723815835e-05,0.05082906646567977,0.0020094030425416133,0.00615937236486914
T[T>G]A,1.1920928955078125e-07,0.010876883898029582,0.00011871361014285811,0.001025374604945576,0.0067355461076676944,0.003859784311159386,0.00898281541894312
T[T>G]C,9.89873919415665e-05,0.004347062333147026,0.0005570028568412833,0.00026777521912956686,0.011267712381904953,0.0026799444151904923,0.005862728127733973
T[T>G]G,0.00032423849590180483,0.005526667137922017,0.00471349492408241,0.00011182734232346688,0.007327832897059568,0.0023464689267467557,0.010606936066578811
T[T>G]T,0.00046736704178329064,0.008759841792111851,0.005027248446833053,0.0008918952073085574,0.12009355220336779,0.009000067489928865,0.012082507299922834
